Date,Task ID,Task Name,Category,Estimated Hours,Actual Hours,Notes
2025-11-18,KB-001,Bake bread loaves,Bakery,2.0,2.5,Mixing took longer than expected
2025-11-18,KB-002,Package orders,Fulfillment,1.0,0.75,Efficient packing system working well
2025-11-19,KB-003,Research new recipe,R&D,3.0,4.5,Multiple test iterations needed
2025-11-19,KB-004,Prepare biochar batch,Production,4.0,3.5,Process optimization paying off
2025-11-19,KB-005,Customer consultation,Sales,1.5,2.0,Detailed questions about compost kits
2025-11-20,KB-006,Inventory count,Operations,1.0,0.5,New counting system faster
2025-11-20,KB-007,Bake cookies batch,Bakery,1.5,1.75,Oven temperature calibration needed
2025-11-20,KB-008,Update website,Marketing,2.0,3.0,Added new product photos and descriptions
2025-11-21,KB-009,Fulfill wholesale order,Fulfillment,3.0,2.5,Streamlined packaging process
2025-11-21,KB-010,Supplier research,Procurement,2.0,2.25,Found better flour supplier
2025-11-21,KB-011,Compost kit assembly,Production,2.5,2.5,On time with SOP
2025-11-21,KB-012,Social media posts,Marketing,0.5,0.75,Created Instagram reels
