Category,Item,Quantity,Unit Cost,Total Cost,Priority,Where to Buy,Notes,Revenue Potential,Break-Even Units
QUICK WINS - THIS WEEK ($150-$200),,,,,,,,
Kitchen Essentials,Costco All-Purpose Flour (25lb),2,$8.99,$17.98,1,Costco,Approx 160 loaves per bag,$320-480,6 loaves
Kitchen Essentials,Instant Yeast (2lb),1,$6.99,$6.99,1,Costco,Lasts months,$0,N/A
Kitchen Essentials,Salt (3lb),1,$2.49,$2.49,1,Costco,Essential ingredient,$0,N/A
Kitchen Essentials,Bread Bags/Containers,1,$12.99,$12.99,1,Amazon,100ct clear bread bags,$0,N/A
Packaging Station,Kitchen Scale (digital 0.1oz precision),1,$19.99,$19.99,1,Amazon,For seeds & ingredients,$0,N/A
Packaging Station,Small Shelving Unit,1,$39.99,$39.99,1,Walmart/Target,4-tier metal shelf,$0,N/A
Packaging Station,Seed Envelopes (assorted sizes),1,$15.99,$15.99,2,Amazon,500ct variety pack,$0,N/A
Packaging Station,Label Printer,1,$39.99,$39.99,2,Amazon,Brother P-Touch or Dymo,$0,N/A
Baking Supplies,Bread Pans (if needed),2,$9.99,$19.98,2,Walmart,9x5 inch loaf pans,$0,N/A
Baking Supplies,Mixing Bowls Set,1,$14.99,$14.99,3,Walmart,If don't have adequate set,$0,N/A
QUICK WINS SUBTOTAL,,,,$191.38,,,,,
,,,,,,,,
30-DAY BUDGET ($400-$500),,,,,,,,
Micro Brewing,Fermenting Vessels (5gal),2,$29.99,$59.98,1,Amazon/Homebrew store,Food-grade buckets with airlocks,$200-400/batch,2-3 batches
Micro Brewing,Brewing Ingredients Starter Kit,1,$49.99,$49.99,1,Homebrew store,Hops grains malts starter,$0,N/A
Micro Brewing,Bottles & Caps,1,$34.99,$34.99,1,Homebrew store,48 bottles + caps,$0,N/A
Micro Brewing,Brewing Equipment Basics,1,$79.99,$79.99,1,Homebrew store,Siphon tubing thermometer hydrometer,$0,N/A
Kitchen Expansion,Large Stock Pot (canning ready),1,$39.99,$39.99,2,Walmart,8qt minimum for soup batches,$0,N/A
Kitchen Expansion,Mason Jars (case of 12 quart),2,$14.99,$29.98,2,Walmart,For meal prep & future canning,$0,N/A
Kitchen Expansion,Additional Flour (Better Quality),2,$15.99,$31.98,2,Local mill/Costco organic,Upgrade from basic Costco,$0,N/A
Vegetable Growing,Lettuce Seeds (multiple varieties),1,$24.99,$24.99,3,Johnny's Seeds,Succession planting,$100-200,20-40 heads
Vegetable Growing,Seed Starting Trays,2,$12.99,$25.98,3,Local garden center,72-cell flats,$0,N/A
Vegetable Growing,Potting Mix (large bag),2,$19.99,$39.98,3,Costco/Local,For seed starting,$0,N/A
Packaging,Additional Label Tape,2,$8.99,$17.98,2,Amazon,For label printer,$0,N/A
Packaging,Honey Jars (case of 24 8oz),1,$24.99,$24.99,2,Amazon,For existing honey inventory,$144-192,12-16 jars
30-DAY SUBTOTAL,,,,$460.82,,,,,
,,,,,,,,
90-DAY BUDGET ($800-$1200),,,,,,,,
Canning Equipment,Water Bath Canner,1,$39.99,$39.99,2,Walmart,For jams & pickles,$0,N/A
Canning Equipment,Canning Tool Set,1,$19.99,$19.99,2,Walmart,Funnel tongs lifter,$0,N/A
Canning Equipment,Mason Jars (4 cases pint),4,$12.99,$51.96,2,Walmart,For jams pickles condiments,$0,N/A
Micro Brewing Scale,Additional Fermenters,2,$29.99,$59.98,2,Homebrew store,Scale to 4 batches simultaneously,$0,N/A
Micro Brewing Scale,Kegging System (optional),1,$199.99,$199.99,3,Homebrew store,For taproom-style service,$0,N/A
Vegetable Expansion,Greenhouse Supplies (basic),1,$149.99,$149.99,3,Amazon/Home Depot,Cold frame or small greenhouse,$0,N/A
Vegetable Expansion,Drip Irrigation Kit,1,$49.99,$49.99,3,Home Depot,For efficient watering,$0,N/A
Long-term Planting,Tree Seedling Pots (100ct),2,$29.99,$59.98,3,Greenhouse Megastore,For nursery start,$0,N/A
Long-term Planting,Mushroom Log Inoculation Kit,1,$89.99,$89.99,3,Fungi Perfecti,Shiitake spawn & tools,$0,N/A
Processing Equipment,Black Walnut Cracker,1,$49.99,$49.99,3,Amazon,Manual nutcracker,$0,N/A
Commercial Upgrades,Commercial Sheet Pans (half-sheet),4,$14.99,$59.96,2,Restaurant supply,Scale bread production,$0,N/A
Commercial Upgrades,Proofing Baskets,4,$12.99,$51.96,2,Amazon,For artisan bread shaping,$0,N/A
Commercial Upgrades,Bench Scraper & Tools,1,$24.99,$24.99,2,Amazon,Professional bread tools,$0,N/A
Storage,Additional Shelving Units,2,$39.99,$79.98,2,Walmart,For expanded inventory,$0,N/A
Marketing,Business Cards & Labels,1,$49.99,$49.99,2,Vistaprint,Professional branding,$0,N/A
Marketing,Farmers Market Table Setup,1,$79.99,$79.99,3,Amazon,Table canopy weights,$0,N/A
90-DAY SUBTOTAL,,,,$1118.72,,,,,
,,,,,,,,
TOTAL INVESTMENT (CUMULATIVE),,,,,,,,
Week 1 Investment,,,,$191.38,,,,,
Month 1 Total,,,,$652.20,,,($191.38 + $460.82),,
Quarter 1 Total,,,,$1770.92,,,($652.20 + $1118.72),,
,,,,,,,,
REVENUE PROJECTIONS,,,,,,,,
Week 1-2 (Bread + Inventory Sales),,,,,,Quantity/Week,Unit Price,Weekly Revenue,Monthly Revenue
,Bread Loaves (artisan),,,,,15,$6.00,$90.00,$360.00
,Inventory Sales (honey seeds etc),,,,,varies,varies,$50.00,$200.00
,Week 1-2 Subtotal,,,,,,,,$140.00,$560.00
,,,,,,,,
Month 1 (Bread + Meal Prep + Packaged Goods),,,,,,,,
,Bread Loaves,,,,,25,$6.00,$150.00,$600.00
,Meal Prep Sides (soup quart),,,,,10,$8.00,$80.00,$320.00
,Honey (8oz jars),,,,,8,$6.00,$48.00,$192.00
,Seed Packets,,,,,20,$3.00,$60.00,$240.00
,Month 1 Subtotal,,,,,,,,$338.00,$1352.00
,,,,,,,,
Month 2-3 (Adding Micro Brewing),,,,,,,,
,Bread Loaves,,,,,30,$6.00,$180.00,$720.00
,Meal Prep Items,,,,,15,$8.00,$120.00,$480.00
,Micro Brews (bottles),,,,,24,$5.00,$120.00,$480.00
,Honey & Seeds,,,,,varies,varies,$80.00,$320.00
,Lettuce (heads),,,,,20,$4.00,$80.00,$320.00
,Month 2-3 Subtotal,,,,,,,,$580.00,$2320.00
,,,,,,,,
BREAK-EVEN ANALYSIS,,,,,,,,
Product,Fixed Costs,Variable Cost/Unit,Selling Price,Profit/Unit,Units to Break Even,Timeline
Bread (Week 1-4),$50.00,$0.75,$6.00,$5.25,10 loaves,2-3 days of production
Micro Brewing (Month 1-2),$224.95,$1.50,$5.00,$3.50,64 bottles,3-4 batches
Honey Packaging,$102.96,$0.50,$6.00,$5.50,19 jars,2-3 weeks
Seed Packaging,$71.97,$0.15,$3.00,$2.85,26 packets,1-2 weeks
Lettuce Production,$90.96,$0.50,$4.00,$3.50,26 heads,8-10 weeks from seed
,,,,,,,,
CASH FLOW SUMMARY,,,,,,,,
Timeframe,Cumulative Investment,Cumulative Revenue,Net Position,ROI %,Notes
Week 2,$191.38,$280.00,$88.62,46%,First bread sales + inventory
Month 1,$652.20,$1352.00,$699.80,107%,Break-even achieved
Month 2,$1107.02,$3672.00,$2564.98,232%,Micro brewing launches
Month 3,$1770.92,$5992.00,$4221.08,238%,Full product line active
,,,,,,,,
PROFITABILITY BY PRODUCT LINE,,,,,,,,
Product,Monthly Revenue (Month 3),Monthly Costs,Monthly Profit,Profit Margin %,Hours/Week,Hourly Rate
Bread,$720.00,$90.00,$630.00,87.5%,8,$19.69
Meal Prep,$480.00,$120.00,$360.00,75.0%,6,$15.00
Micro Brewing,$480.00,$144.00,$336.00,70.0%,4,$21.00
Honey,$160.00,$32.00,$128.00,80.0%,2,$16.00
Seeds,$160.00,$16.00,$144.00,90.0%,1,$36.00
Lettuce,$320.00,$80.00,$240.00,75.0%,5,$12.00
TOTALS,$2320.00,$482.00,$1838.00,79.2%,26,$17.67
,,,,,,,,
ASSUMPTIONS,,,,,,,,
,Bread: 25lb flour makes ~80 loaves. Costco flour $0.11/loaf. Total cost with yeast/salt ~$0.75/loaf,,,,
,Meal Prep: Soup ingredients ~$3/quart bulk buying. Sell at $8/quart,,,,
,Micro Brewing: ~$36 ingredients per 5gal batch (48 bottles). $0.75/bottle cost. Sell $5/bottle,,,,
,Honey: Existing inventory. Jars $1.04/each. Sell $6 (8oz jar),,,,
,Seeds: Existing inventory. Envelopes $0.03/each packaging labor $0.12. Sell $3/packet,,,,
,Lettuce: Seeds $0.25/head soil $0.15/head labor $0.10/head. Sell $4/head,,,,
,Labor not included in product costs - tracked separately for hourly rate calculation,,,,
,,,,,,,,
SCALING TARGETS,,,,,,,,
Timeframe,Weekly Revenue Target,Products at Scale,Key Milestones
Month 1,$350-400,Bread + Inventory,Break-even on initial investment
Month 2-3,$600-800,+ Micro Brewing + Lettuce,Profitable reinvestment phase
Month 4-6,$1000-1500,+ Meal Prep Scale + Canning Prep,Multiple revenue streams stable
Quarter 2,$1500-2500,Full Product Portfolio,Long-term projects funded
Year 1,$2000-3500,Restaurant Prep Phase,Sustainable work-life balance
